{
	"info": {
		"_postman_id": "9c2dc448-1980-49d0-b308-3b744d3ec861",
		"name": "AutoMobileCompany",
		"schema": "https://schema.getpostman.com/json/collection/v2.1.0/collection.json"
	},
	"item": [
		{
			"name": "Company",
			"item": [
				{
					"name": "Save Company",
					"request": {
						"method": "POST",
						"header": [],
						"body": {
							"mode": "raw",
							"raw": "{\r\n    \"companyName\":\"BMW\"\r\n}",
							"options": {
								"raw": {
									"language": "json"
								}
							}
						},
						"url": {
							"raw": "http://localhost:9000/api/companies",
							"protocol": "http",
							"host": [
								"localhost"
							],
							"port": "9000",
							"path": [
								"api",
								"companies"
							]
						}
					},
					"response": []
				},
				{
					"name": "Get All company",
					"request": {
						"method": "GET",
						"header": [],
						"url": {
							"raw": "http://localhost:9000/api/companies",
							"protocol": "http",
							"host": [
								"localhost"
							],
							"port": "9000",
							"path": [
								"api",
								"companies"
							]
						}
					},
					"response": []
				},
				{
					"name": "Get Comany By Id",
					"request": {
						"method": "GET",
						"header": [],
						"url": {
							"raw": "http://localhost:9000/api/companies/1",
							"protocol": "http",
							"host": [
								"localhost"
							],
							"port": "9000",
							"path": [
								"api",
								"companies",
								"1"
							]
						}
					},
					"response": []
				},
				{
					"name": "update Company",
					"request": {
						"method": "PUT",
						"header": [],
						"body": {
							"mode": "raw",
							"raw": "{\r\n    \"companyName\":\"Ferrari\"\r\n}",
							"options": {
								"raw": {
									"language": "json"
								}
							}
						},
						"url": {
							"raw": "http://localhost:9000/api/companies/1",
							"protocol": "http",
							"host": [
								"localhost"
							],
							"port": "9000",
							"path": [
								"api",
								"companies",
								"1"
							]
						}
					},
					"response": []
				},
				{
					"name": "delete Company By Id",
					"request": {
						"method": "DELETE",
						"header": [],
						"url": {
							"raw": "http://localhost:9000/api/companies/6",
							"protocol": "http",
							"host": [
								"localhost"
							],
							"port": "9000",
							"path": [
								"api",
								"companies",
								"6"
							]
						}
					},
					"response": []
				}
			]
		},
		{
			"name": "Car",
			"item": [
				{
					"name": "Save Cars",
					"request": {
						"method": "POST",
						"header": [],
						"body": {
							"mode": "raw",
							"raw": "{\r\n    \"registrationNumber\":\"MH02PQ4140\",\r\n    \"companyId\":1\r\n}",
							"options": {
								"raw": {
									"language": "json"
								}
							}
						},
						"url": {
							"raw": "http://localhost:9000/api/cars",
							"protocol": "http",
							"host": [
								"localhost"
							],
							"port": "9000",
							"path": [
								"api",
								"cars"
							]
						}
					},
					"response": []
				},
				{
					"name": "Get All Cars",
					"protocolProfileBehavior": {
						"disableBodyPruning": true
					},
					"request": {
						"method": "GET",
						"header": [],
						"body": {
							"mode": "raw",
							"raw": "{\r\n    \"registrationNumber\":11460,\r\n    \"companyId\":1\r\n}",
							"options": {
								"raw": {
									"language": "json"
								}
							}
						},
						"url": {
							"raw": "http://localhost:9000/api/cars",
							"protocol": "http",
							"host": [
								"localhost"
							],
							"port": "9000",
							"path": [
								"api",
								"cars"
							]
						}
					},
					"response": []
				},
				{
					"name": "Get Car By Id",
					"protocolProfileBehavior": {
						"disableBodyPruning": true
					},
					"request": {
						"method": "GET",
						"header": [],
						"body": {
							"mode": "raw",
							"raw": "{\r\n    \"registrationNumber\":11460,\r\n    \"companyId\":1\r\n}",
							"options": {
								"raw": {
									"language": "json"
								}
							}
						},
						"url": {
							"raw": "http://localhost:9000/api/cars/2",
							"protocol": "http",
							"host": [
								"localhost"
							],
							"port": "9000",
							"path": [
								"api",
								"cars",
								"2"
							]
						}
					},
					"response": []
				},
				{
					"name": "update Car",
					"request": {
						"method": "PUT",
						"header": [],
						"body": {
							"mode": "raw",
							"raw": "{\r\n    \"registrationNumber\":\"MP01MM8963\",\r\n    \"companyId\":1\r\n}",
							"options": {
								"raw": {
									"language": "json"
								}
							}
						},
						"url": {
							"raw": "http://localhost:9000/api/cars/1",
							"protocol": "http",
							"host": [
								"localhost"
							],
							"port": "9000",
							"path": [
								"api",
								"cars",
								"1"
							]
						}
					},
					"response": []
				},
				{
					"name": "delete Car By Id",
					"request": {
						"method": "DELETE",
						"header": [],
						"body": {
							"mode": "raw",
							"raw": "{\r\n    \"registrationNumber\":11460,\r\n    \"companyId\":1\r\n}",
							"options": {
								"raw": {
									"language": "json"
								}
							}
						},
						"url": {
							"raw": "http://localhost:9000/api/cars/2",
							"protocol": "http",
							"host": [
								"localhost"
							],
							"port": "9000",
							"path": [
								"api",
								"cars",
								"2"
							]
						}
					},
					"response": []
				}
			]
		},
		{
			"name": "Department",
			"item": [
				{
					"name": "save Department",
					"request": {
						"method": "POST",
						"header": [],
						"body": {
							"mode": "raw",
							"raw": "{\r\n    \"deptName\":\"Customer Service\",\r\n    \"companyId\":1\r\n}",
							"options": {
								"raw": {
									"language": "json"
								}
							}
						},
						"url": {
							"raw": "http://localhost:9000/api/departments",
							"protocol": "http",
							"host": [
								"localhost"
							],
							"port": "9000",
							"path": [
								"api",
								"departments"
							]
						}
					},
					"response": []
				},
				{
					"name": "Get All departments",
					"protocolProfileBehavior": {
						"disableBodyPruning": true
					},
					"request": {
						"method": "GET",
						"header": [],
						"body": {
							"mode": "raw",
							"raw": "{\r\n    \"deptName\":\"Accountant\",\r\n    \"companyId\":1\r\n}",
							"options": {
								"raw": {
									"language": "json"
								}
							}
						},
						"url": {
							"raw": "http://localhost:9000/api/departments",
							"protocol": "http",
							"host": [
								"localhost"
							],
							"port": "9000",
							"path": [
								"api",
								"departments"
							]
						}
					},
					"response": []
				},
				{
					"name": "Get Department By Id",
					"protocolProfileBehavior": {
						"disableBodyPruning": true
					},
					"request": {
						"method": "GET",
						"header": [],
						"body": {
							"mode": "raw",
							"raw": "{\r\n    \"deptName\":\"Accountant\",\r\n    \"companyId\":1\r\n}",
							"options": {
								"raw": {
									"language": "json"
								}
							}
						},
						"url": {
							"raw": "http://localhost:9000/api/departments/1",
							"protocol": "http",
							"host": [
								"localhost"
							],
							"port": "9000",
							"path": [
								"api",
								"departments",
								"1"
							]
						}
					},
					"response": []
				},
				{
					"name": "update Department",
					"request": {
						"method": "PUT",
						"header": [],
						"body": {
							"mode": "raw",
							"raw": "{\r\n    \"deptName\":\" Support Service\",\r\n    \"companyId\":2\r\n}",
							"options": {
								"raw": {
									"language": "json"
								}
							}
						},
						"url": {
							"raw": "http://localhost:9000/api/departments/1",
							"protocol": "http",
							"host": [
								"localhost"
							],
							"port": "9000",
							"path": [
								"api",
								"departments",
								"1"
							]
						}
					},
					"response": []
				},
				{
					"name": "delete Department By Id",
					"request": {
						"method": "DELETE",
						"header": [],
						"body": {
							"mode": "raw",
							"raw": "{\r\n    \"deptName\":\"Accountant\",\r\n    \"companyId\":1\r\n}",
							"options": {
								"raw": {
									"language": "json"
								}
							}
						},
						"url": {
							"raw": "http://localhost:9000/api/departments/2",
							"protocol": "http",
							"host": [
								"localhost"
							],
							"port": "9000",
							"path": [
								"api",
								"departments",
								"2"
							]
						}
					},
					"response": []
				}
			]
		},
		{
			"name": "Employee",
			"item": [
				{
					"name": "save Employee",
					"request": {
						"method": "POST",
						"header": [],
						"body": {
							"mode": "raw",
							"raw": "{\r\n    \"empName\":\"Dhiraj\",\r\n    \"empSurname\":\"Vishwakarma\",\r\n    \"addressId\":1,\r\n    \"deptId\":1\r\n}",
							"options": {
								"raw": {
									"language": "json"
								}
							}
						},
						"url": {
							"raw": "http://localhost:9000/api/employees",
							"protocol": "http",
							"host": [
								"localhost"
							],
							"port": "9000",
							"path": [
								"api",
								"employees"
							]
						}
					},
					"response": []
				},
				{
					"name": "Get All Employee",
					"request": {
						"method": "GET",
						"header": [],
						"url": {
							"raw": "http://localhost:9000/api/employees",
							"protocol": "http",
							"host": [
								"localhost"
							],
							"port": "9000",
							"path": [
								"api",
								"employees"
							]
						}
					},
					"response": []
				},
				{
					"name": "Get Employee By Id",
					"request": {
						"method": "GET",
						"header": [],
						"url": {
							"raw": "http://localhost:9000/api/employees/1",
							"protocol": "http",
							"host": [
								"localhost"
							],
							"port": "9000",
							"path": [
								"api",
								"employees",
								"1"
							]
						}
					},
					"response": []
				},
				{
					"name": "update Employee",
					"request": {
						"method": "PUT",
						"header": [],
						"body": {
							"mode": "raw",
							"raw": "{\r\n    \"empName\":\"Amit\",\r\n    \"empSurname\":\"Kesarwani\",\r\n    \"addressId\":1,\r\n    \"deptId\":3\r\n}",
							"options": {
								"raw": {
									"language": "json"
								}
							}
						},
						"url": {
							"raw": "http://localhost:9000/api/employees/1",
							"protocol": "http",
							"host": [
								"localhost"
							],
							"port": "9000",
							"path": [
								"api",
								"employees",
								"1"
							]
						}
					},
					"response": []
				},
				{
					"name": "delete Employee By Id",
					"request": {
						"method": "DELETE",
						"header": [],
						"url": {
							"raw": "http://localhost:9000/api/employees/1",
							"protocol": "http",
							"host": [
								"localhost"
							],
							"port": "9000",
							"path": [
								"api",
								"employees",
								"1"
							]
						}
					},
					"response": []
				}
			]
		},
		{
			"name": "Address",
			"item": [
				{
					"name": "save Address",
					"request": {
						"method": "POST",
						"header": [],
						"body": {
							"mode": "raw",
							"raw": "{\r\n    \"houseNumber\":\"1650\",\r\n    \"street\":\"Valai Pada\",\r\n    \"zipcode\":401208\r\n}",
							"options": {
								"raw": {
									"language": "json"
								}
							}
						},
						"url": {
							"raw": "http://localhost:9000/api/address",
							"protocol": "http",
							"host": [
								"localhost"
							],
							"port": "9000",
							"path": [
								"api",
								"address"
							]
						}
					},
					"response": []
				},
				{
					"name": "get All Address",
					"request": {
						"method": "GET",
						"header": [],
						"url": {
							"raw": "http://localhost:9000/api/address",
							"protocol": "http",
							"host": [
								"localhost"
							],
							"port": "9000",
							"path": [
								"api",
								"address"
							]
						}
					},
					"response": []
				},
				{
					"name": "Get Address By Id",
					"request": {
						"method": "GET",
						"header": [],
						"url": {
							"raw": "http://localhost:9000/api/address/1",
							"protocol": "http",
							"host": [
								"localhost"
							],
							"port": "9000",
							"path": [
								"api",
								"address",
								"1"
							]
						}
					},
					"response": []
				},
				{
					"name": "update Address",
					"request": {
						"method": "PUT",
						"header": [],
						"body": {
							"mode": "raw",
							"raw": "{\r\n    \"houseNumber\":15,\r\n    \"street\":\"Bilal pada\",\r\n    \"zipcode\":401209\r\n}",
							"options": {
								"raw": {
									"language": "json"
								}
							}
						},
						"url": {
							"raw": "http://localhost:9000/api/address/1",
							"protocol": "http",
							"host": [
								"localhost"
							],
							"port": "9000",
							"path": [
								"api",
								"address",
								"1"
							]
						}
					},
					"response": []
				},
				{
					"name": "delete Employee By Id",
					"request": {
						"method": "DELETE",
						"header": [],
						"url": {
							"raw": "http://localhost:9000/api/address/2",
							"protocol": "http",
							"host": [
								"localhost"
							],
							"port": "9000",
							"path": [
								"api",
								"address",
								"2"
							]
						}
					},
					"response": []
				}
			]
		}
	]
}